{
  "iterations": [
    {
      "iteration": 1,
      "success": true,
      "execution_time": 25.224416971206665,
      "estimated_tokens": 22900,
      "changes": {},
      "exit_code": 0,
      "stdout_preview": "\u256d\u2500\u2500\u2500\u2500\u2500\u2500\u2500\u2500\u2500\u2500\u2500\u2500\u2500\u2500\u2500\u2500\u2500\u2500\u2500\u2500\u2500\u2500\u2500\u2500 Code Improvement Session \u2500\u2500\u2500\u2500\u2500\u2500\u2500\u2500\u2500\u2500\u2500\u2500\u2500\u2500\u2500\u2500\u2500\u2500\u2500\u2500\u2500\u2500\u2500\u2500\u2500\u256e\n\u2502 \ud83d\udd27 Regoose Code Improvement                                               \u2502\n\u2502                                                                           \u2502\n\u2502 Goal: Add type hints and improve error handling                           \u2502\n\u2502 Directory:                                                                \u2502\n\u2502 /Users/appascal/Documents/Projects/ai-advert-2025/day-12-regoose/test_sam \u2502\n\u2502 ple_project                    ...",
      "stderr_preview": "{\"level\": \"INFO\", \"message\": \"Registered health check: container_runtime\", \"component\": \"health\", \"timestamp\": 1756285293.1545541, \"correlation_id\": null, \"metadata\": {}, \"duration_ms\": null, \"error\": null}\n{\"level\": \"INFO\", \"message\": \"Registered health check: openai_connectivity\", \"component\": \"health\", \"timestamp\": 1756285293.154645, \"correlation_id\": null, \"metadata\": {}, \"duration_ms\": null, \"error\": null}\n{\"level\": \"INFO\", \"message\": \"Registered health check: deepseek_connectivity\", \"compo..."
    },
    {
      "iteration": 2,
      "success": true,
      "execution_time": 20.86803913116455,
      "estimated_tokens": 24500,
      "changes": {},
      "exit_code": 0,
      "stdout_preview": "\u256d\u2500\u2500\u2500\u2500\u2500\u2500\u2500\u2500\u2500\u2500\u2500\u2500\u2500\u2500\u2500\u2500\u2500\u2500\u2500\u2500\u2500\u2500\u2500\u2500 Code Improvement Session \u2500\u2500\u2500\u2500\u2500\u2500\u2500\u2500\u2500\u2500\u2500\u2500\u2500\u2500\u2500\u2500\u2500\u2500\u2500\u2500\u2500\u2500\u2500\u2500\u2500\u256e\n\u2502 \ud83d\udd27 Regoose Code Improvement                                               \u2502\n\u2502                                                                           \u2502\n\u2502 Goal: Add type hints and improve error handling                           \u2502\n\u2502 Directory:                                                                \u2502\n\u2502 /Users/appascal/Documents/Projects/ai-advert-2025/day-12-regoose/test_sam \u2502\n\u2502 ple_project                    ...",
      "stderr_preview": "{\"level\": \"INFO\", \"message\": \"Registered health check: container_runtime\", \"component\": \"health\", \"timestamp\": 1756285320.3057091, \"correlation_id\": null, \"metadata\": {}, \"duration_ms\": null, \"error\": null}\n{\"level\": \"INFO\", \"message\": \"Registered health check: openai_connectivity\", \"component\": \"health\", \"timestamp\": 1756285320.305823, \"correlation_id\": null, \"metadata\": {}, \"duration_ms\": null, \"error\": null}\n{\"level\": \"INFO\", \"message\": \"Registered health check: deepseek_connectivity\", \"compo..."
    },
    {
      "iteration": 3,
      "success": true,
      "execution_time": 22.290282011032104,
      "estimated_tokens": 22900,
      "changes": {},
      "exit_code": 0,
      "stdout_preview": "\u256d\u2500\u2500\u2500\u2500\u2500\u2500\u2500\u2500\u2500\u2500\u2500\u2500\u2500\u2500\u2500\u2500\u2500\u2500\u2500\u2500\u2500\u2500\u2500\u2500 Code Improvement Session \u2500\u2500\u2500\u2500\u2500\u2500\u2500\u2500\u2500\u2500\u2500\u2500\u2500\u2500\u2500\u2500\u2500\u2500\u2500\u2500\u2500\u2500\u2500\u2500\u2500\u256e\n\u2502 \ud83d\udd27 Regoose Code Improvement                                               \u2502\n\u2502                                                                           \u2502\n\u2502 Goal: Add type hints and improve error handling                           \u2502\n\u2502 Directory:                                                                \u2502\n\u2502 /Users/appascal/Documents/Projects/ai-advert-2025/day-12-regoose/test_sam \u2502\n\u2502 ple_project                    ...",
      "stderr_preview": "{\"level\": \"INFO\", \"message\": \"Registered health check: container_runtime\", \"component\": \"health\", \"timestamp\": 1756285343.18266, \"correlation_id\": null, \"metadata\": {}, \"duration_ms\": null, \"error\": null}\n{\"level\": \"INFO\", \"message\": \"Registered health check: openai_connectivity\", \"component\": \"health\", \"timestamp\": 1756285343.1827672, \"correlation_id\": null, \"metadata\": {}, \"duration_ms\": null, \"error\": null}\n{\"level\": \"INFO\", \"message\": \"Registered health check: deepseek_connectivity\", \"compon..."
    },
    {
      "iteration": 4,
      "success": true,
      "execution_time": 27.095212697982788,
      "estimated_tokens": 24500,
      "changes": {},
      "exit_code": 0,
      "stdout_preview": "\u256d\u2500\u2500\u2500\u2500\u2500\u2500\u2500\u2500\u2500\u2500\u2500\u2500\u2500\u2500\u2500\u2500\u2500\u2500\u2500\u2500\u2500\u2500\u2500\u2500 Code Improvement Session \u2500\u2500\u2500\u2500\u2500\u2500\u2500\u2500\u2500\u2500\u2500\u2500\u2500\u2500\u2500\u2500\u2500\u2500\u2500\u2500\u2500\u2500\u2500\u2500\u2500\u256e\n\u2502 \ud83d\udd27 Regoose Code Improvement                                               \u2502\n\u2502                                                                           \u2502\n\u2502 Goal: Add type hints and improve error handling                           \u2502\n\u2502 Directory:                                                                \u2502\n\u2502 /Users/appascal/Documents/Projects/ai-advert-2025/day-12-regoose/test_sam \u2502\n\u2502 ple_project                    ...",
      "stderr_preview": "{\"level\": \"INFO\", \"message\": \"Registered health check: container_runtime\", \"component\": \"health\", \"timestamp\": 1756285367.6035478, \"correlation_id\": null, \"metadata\": {}, \"duration_ms\": null, \"error\": null}\n{\"level\": \"INFO\", \"message\": \"Registered health check: openai_connectivity\", \"component\": \"health\", \"timestamp\": 1756285367.603644, \"correlation_id\": null, \"metadata\": {}, \"duration_ms\": null, \"error\": null}\n{\"level\": \"INFO\", \"message\": \"Registered health check: deepseek_connectivity\", \"compo..."
    },
    {
      "iteration": 5,
      "success": true,
      "execution_time": 24.284145832061768,
      "estimated_tokens": 24500,
      "changes": {},
      "exit_code": 0,
      "stdout_preview": "\u256d\u2500\u2500\u2500\u2500\u2500\u2500\u2500\u2500\u2500\u2500\u2500\u2500\u2500\u2500\u2500\u2500\u2500\u2500\u2500\u2500\u2500\u2500\u2500\u2500 Code Improvement Session \u2500\u2500\u2500\u2500\u2500\u2500\u2500\u2500\u2500\u2500\u2500\u2500\u2500\u2500\u2500\u2500\u2500\u2500\u2500\u2500\u2500\u2500\u2500\u2500\u2500\u256e\n\u2502 \ud83d\udd27 Regoose Code Improvement                                               \u2502\n\u2502                                                                           \u2502\n\u2502 Goal: Add type hints and improve error handling                           \u2502\n\u2502 Directory:                                                                \u2502\n\u2502 /Users/appascal/Documents/Projects/ai-advert-2025/day-12-regoose/test_sam \u2502\n\u2502 ple_project                    ...",